title,updated,published
Escapes of cultured marine finfish from BC aquaculture sites,"Jan 29, 2023","Mar 8, 2017"
Incidental catch at BC marine finfish aquaculture sites,"Jan 29, 2023","Oct 13, 2016"
Marine mammal interactions at British Columbia marine finfish aquaculture sites,"Jan 29, 2023","Apr 28, 2017"
"British Columbia Lightstation Sea-Surface Temperature and Salinity Data (Pacific), 1914-present","Jan 31, 2023","Jun 20, 2017"
NuSEDS-New Salmon Escapement Database System,"Jan 24, 2023","Sep 25, 2016"
Winter Wildlife Corridors - Kootenay,"Jan 13, 2023","Feb 10, 2021"
Federal Whales Initiative – Freshwater and sediment data (Pacific Region),"Jan 12, 2023","Aug 11, 2022"
Winter Wildlife Corridors - Banff,"Jan 15, 2023","Apr 6, 2018"
Winter Wildlife Corridors - Yoho,"Jan 15, 2023","Apr 6, 2018"
Canadian General Standards Board - Quality Management System and Environmental Management System …,"Jan 15, 2023","Mar 31, 2017"
"Carcass classification of cultured salmon at British Columbian aquaculture sites by facility, …","Jan 12, 2023","Apr 28, 2017"
Managing transfers and fish health at British Columbia salmon farms,"Jan 12, 2023","Mar 21, 2018"
Fisheries Act Registry,"Jan 9, 2023","Mar 30, 2020"
Alpine terrestrial birds  - Yoho,"Jan 6, 2023","Sep 18, 2019"
Alpine Terrestrial Birds - Kootenay,"Jan 6, 2023","Oct 18, 2019"
Freshwater Amphibian Occupancy - Kootenay,"Jan 7, 2023","Apr 6, 2018"
Inside North Hard Bottom Longline Surveys,"Jan 11, 2023","Aug 21, 2020"
Industry sea lice counts at BC marine finfish aquaculture sites,"Jan 3, 2023","Sep 24, 2016"
Pipeline Incident Data,"Jan 3, 2023","Nov 9, 2016"
Incidents At CER-Regulated Pipelines And Facilities,"Jan 3, 2023","Nov 28, 2017"
